type,className,title,fullTitle,Artist,Collaborators,topic-summary,whyThis,evaluation,eval2,link,lyrics,resources1label,resources1year,resources1,resources2label,resources2year,resources2,resources3label,resources3year,resources3link,channelNumber,path,marquee-description,filetype,pretentiousversion
book,scythe,Scythe,,Neal Shusterman,,"This is a book for high schoolers about a world in which almost all human ills have been addressed, nearly every important discovery already made. People lead generally boring lives but nonetheless want for little and have largely moved beyond mortality. However, in order to keep earth's population sustainable, a small group of people called 'scythes' have the responsibility of ""reaping"" (killing) enough people to keep the earth's human population at a sustainable level.","I found this book at a debate tournament in Queens on a day I was feeling really depressed, just a few days after pretty publicly telling folks who love me that I didn't want to go on living; it's not the best novel I've ever read, but it really kept me going over the course of three very difficult days. It invited me to think about life and death in a different way, which was so necessary for me at the time I was reading it. I needed the opportunity to be able to think about life and death from a different perspective, and to really think about what it means to live well and die well. So…I'm extremely grateful to this book for that. This is a book for high schoolers about a world in which almost all human ills have been addressed, nearly every important discovery already made. People lead generally boring lives but nonetheless want for little and have largely moved beyond mortality. However, in order to keep earth's population sustainable, a small group of people called 'scythes' have the responsibility of ""reaping"" (killing) enough people to keep the earth's human population at a sustainable level.","I enjoyed this book immensely, though at times it's a little jarring for a 21st century human like myself. Because this takes place in the far future, much of the political situation is vastly different: when the characters take a trip to the southern tip of South America, they're visiting the ""Chilargentine"" region, while Cairo is now part of ""Israbia."" I'm not the biggest fan of all these future history changes (should be obvious why). There's also a mostly omniscient AI called the Thunderhead, which functions drastically differently from irl AI: this is both entertaining and annoying depending on where in the book it comes up.","There's also a deep discussion of how death should be understood (and thus, how the act of ending life should be perceived). If death is sacred, what obligations are placed on those who take life as a profession? Furthermore, the book explores how politicking within the upper echelons of society affects the world at large, through a lens that seems both political and religious in nature. The two protagonists experience and endure so much over the course of the novel, but their inner thoughts seek to illuminate the rationales human beings have in moments of desperation. I'd love to read this again, but unfortunately left the first volume in the series on a plane after flying from NYC -> Bogotá, so…hopefully someone else found and enjoyed this novel.",https://www.ebooks.com/en-us/book/2521691/scythe/neal-shusterman/?srsltid=AfmBOoqNFgbEeZjygApKqh68za_VUEg4Cn_VgcHYLy2G3cK1GbYLi24y,,,,,,,,,,,,,,,
book,artemis-fowl,Artemis Fowl 2,Artemis Fowl: the Arctic Incident,Eoin Colfer,,"If you're not familiar, Artemis Fowl is a super smart rich kid who works with the fae to solve large-scale problems, which is a really fun thing to read about when you're ten. Unfortunately, adult me can see plainly that Artemis Fowl is one hell of a Mary Sue, and it is REALLY annoying to read about his antics sometimes. The fae are fun and generally enjoyable characters, and I enjoy the running gag that Artemis Fowl is a real person whose biographer Eoin Colfer is writing about against Artemis's will. But Artemis himself is a little hard to root for, so this one will probably take me a good while. ","Purchased from Librería Antarctica in central Santiago. My objective in the bookstore was to see if I could find a novel in English, and was thrilled to find 5 copies of this marked down to ~2100 Chilean Pesos or about 2.30 USD. This is a series of books for middle schoolers that I remember really enjoying these as a kid, so I eagerly picked it up.","I'm curious how well these books gold up in terms of whether today's middle schoolers like them, because when I was in middle school twenty years ago, I think there was a bit less of a tendency to openly question wealth than there is today. It's obvious to me as an adult that Artemis Fowl is a nepo baby whose family's wealth seems to all have been gained by crime, and we should NOT be rooting for him to be doing more crime. I think it would be more obvious to most middle schoolers in 2025 that this is a problem than it was to me in 2005, but who knows, honestly?","ANYWAY, the way these books are written is such a fun conceit, the book-in-a-book concept of Colfer as Artemis Fowl's biographer with random ""evidence"" of the writings interspersed throughout is something I really enjoy. It's cool to revisit books I used to love and see the ways they structurally impacted my reading taste today. This reminds me a little of the experimental structure of the Series of Unfortunate Events novels, which I also loved. But ultimately, this is just not something that Adult Andy really enjoys. It's fun to get the nostalgia of reading it again, but not as fun as it was to read this book in middle school.",https://www.ebay.com/shop/artemis-fowl-the-arctic-incident?_nkw=artemis+fowl+the+arctic+incident,,,,,,,,,,,,,,,
book,sunrise,Sunrise on the Reaping,,Susanne Collins,,"This is the newest installation in the Hunger Games book series, and takes place 25 years before the first book. It covers the events of Haymitch Abernathy experience winning the Hunger Games 25 years prior to the events of the original book. We travel with Haymitch from District 12 to the Capital, where he experiences disturbing proximity to political violence even before going into the Hunger Games, and then we return with him to District 12 after the games conclude. Thematically, this book addresses concepts related to propaganda, collective action, and mass media. Also, it will fuck you up emotionally. Some fans of the original series felt that there were too many cameos from familiar characters, but I personally love how much this showed that revolutions happen due to MANY people doing the work for decades.","I'm a huge fan of the original Hunger Games novels and films, and think Susanne Collins is an absolutely brilliant novelist…so I'll read anything she writes forever. For this one, I wasn't able to buy it in bookstores when it came out, so I pre-ordered the Audible audiobook. The book released at midnight on March 18, and I stayed up until about 5 AM just to listen. At the time, I was in Montréal by myself, which made the emotional devastation more devastating tbh.","I absolutely loved this book, and deeply appreciated everything it had to say about the world, about politics, and about authoritarianism. It's hard to say much without giving some kind of spoiler away, but I truly cannot recommend this enough. It's devastatingly sad, and invites readers to consider why we allow ourselves to be complicit in horrors we know exist…among other things. It's a relatively easy read, made for high school reading level, but has so many critical political questions embedded into the plot. So much of what Susanne Collins does is offer a setting within which to explore political concepts that may be hard to consider objectively in real life, and provides a lot of good fuel for conversation about important topics. It was also utterly bizarre to read this book at a time when my Instagram feed invariably included images of dead Palestinian children: this timing really drove home the disturbing duality of American life, wherein we flip back and forth between a veneer of luxury and the evidence of our government's wrongdoing.",,https://www.ebooks.com/en-us/book/211373619/sunrise-on-the-reaping-the-hunger-games/suzanne-collins/?srsltid=AfmBOooanQ9ua3V1UgDKjP07TDaEV1JXhW9fVmlpJLHbjHhtaMxwz3f1,,,,,,,,,,,,,,,
book,the-power,The Power,,Naomi Alderman,,"This book imagines a world in which women suddenly gain the ability to control electricity with their hands, and delves deeply into the political and social ramifications of such a change. It also follows the book-in-a-book structure, with the prologue and epilogue comprised of ""letters"" between an author and publisher. Every book has flaws, but this one speaks so profoundly about human nature that I can forgive its flaws happily.","This book was gifted by my friends Heather and Zoe in Nov 2025, and then I brought it back to Santiago. Heather first suggested I read it in 2018 but said I might not like the gender essentialism of it…so I waited YEARS only to really enjoy this novel. I finished it in 3 days and couldn't even focus on my phone because I kept thinking about what would happen next.","I know a lot of folks had strong critiques of the gender essentialism of the plot, which does little to address gender nonconformity. That is a notable gap in a book that has a lot of interesting things to say about gender, but I also don't think that the connection between biology and gender is the main thing this book is trying to talk about. I've read some of the critiques and understand them, but don't agree. At first, I found the premise disturbing, and I think this has to do with the fact that I personally DO think of women as generally safer and kinder…and thus found it especially disturbing to read about women enacting military, political, and sexual violence. Feminist critiques I read argue that by simply flipping the script of gendered violence, we avoid speaking deeply about the specific and distinct oppression of patriarchy. This critique makes sense…but I tend to think it's rooted in a very binary concept of gender. As a trans person, I've found myself in a number of situations where cis women suddenly understand themselves to have gendered power over me and choose to use it in cruel and harmful ways. It's very difficult to explain or discuss this with cis people, because broadly gender liberation is conflated with feminism, and broadly feminism is conflated with opposition to patriarchy. These concepts are certainly related, but there's so much more to gender liberation than feminism, so much more to feminism than opposing patriarchy. I think this book gives so much color to our understanding of these topics, though I do wish we'd gotten more discussion on Ryan (the boy with the skein). Generally, I don't think this novel has any answers…but it contains a lot of ideas and questions worth considering.","In terms of less overarchings thematic commentary, I (as always) love the small character interactions. The conversations between Maysilee and Drusilla (especially in comparison to Drusilla's interactions with other tributes) provoke questions about methods of resistance, and ways of being effective when your power is removed. Plutarch Heavensbee's lines were some of the most memorable for me, and I often think about the question he poses to Haymitch: why do we, collectively, as people, allow our governments to harm and control us?",https://www.ebooks.com/en-us/book/95666785/the-power/naomi-alderman/,,,,,,,,,,,,,,,
book,hunger-games,The Hunger Games,,Susanne Collins,,"Teen girl is thrown into death games by the evil Capitol, and has to navigate the dynamics of the wealthy Capitol citizens and the Hunger Games themselves. After winning the games, she becomes deeply embroiled in political rebellion. The social and political context of the world are deeply threaded through the series. While the movies are good, they leave out SO much thought provoking prose and dialogue.","I reread this series multiple times this year, and listened to the audiobooks. It made me feel sane in a way to have fiction lay out the political realities, to hear someone else explain how the dynamics of power function while so many around me seemed not to want to think about things. At the same time, this series directly confronts us with the brutality of empire…and so even while it made me feel sane, that sanity brought anger at being so clearly reminded of the dynamics of imperial and totalitarian politics.","10/10 I adore this series, though I go for long periods unable to engage with it at times. Susanne Collin's political commentary is deeply politically fascinating, and the characters are SO multfaceted. An added bonus for me was that online fandom spaces are experiencing a resurgence in response to the newest installation to the series, Sunrise on the Reaping.",,,,,,,,,,,,,,,,,
book,broken-earth,The Broken Earth Trilogy,,NK Jemisin,,"This series is UNREAL. In short, the story takes place in a world wherein the land is extremely prone to cataclysmic earthquakes, and some people have the ability to control earth through seismic magic (I'm bastardizing this a bit because I reread it at the beginning of 2025, and much has happened since then). There are so many beautiful nods to other sci fi/fantasy and subversions of other sci fi/fantasy tropes, the main characters are complex and fascinating, and each of the perspectives presented is deeply compelling. Major storylines features a mother's search to find her kidnapped daughter, a student's journeys with her teachers, and I'm afraid to say much more in case I accidentally give away too much.","This is a series that's very much about cycles, and rests on an assumption that humanity makes the same sorts of mistakes over and over. However, several of the characters we follow seek to break those cycles and make the world a better, more just, and more stable place. That felt relevant to reread.","10/10 This is my FAVORITE sci-fi series, narrowly beating Hunger Games. The worldbuilding is rich, the discussion of political and social realities rings true to the real world, and the magic system is absolutely fascinating. Favorite use of second-person narratives, and absolutely phenomenal continuity for so many minor and major plot points.",,,,,,,,,,,,,,,,,
video,doechii-grammys,Doechii 2025 Grammys,DOECHII performs CATFISH & DENIAL IS A RIVER live at the 2025 GRAMMYs,Doechii,"[choreography] Robbie Blue ad Ashley Kole; [creative director] C Prinz, [dance captains] Patience Aquart, Kyndall Mikayla, China Taylor, and Jaxon Willard; [dancers] Ada, Trevon Anderson, Hezekiah Anthony, Daniel Asamoah, Ché Barrett-Davis, Zavion Brown, Neveah Chanel, Kyla Chaney, Miles Complex, Chelsea Cooper, Halima Dodo, Jordann Ledora Gaskin, Arden Harris, Mario D. Harris, Angel Innis, Keera Kittles, Taya Lee, Ryan ""Flo"" Miller, Gregg Sainvilius, Talia K. Shakur, Toyin Sognro, Dre'moni Watts, Charisma Young, ; [dj] DJ Miss Milan, 
","This is just an incredible performance on every level. Doechii is such a brilliant and skilled artist lyrically and vocally, but the choreography and dancing here just blow me away every time. I like to watch this video when I feel down.",,,,,,,,,,,,,,,13,"pics/Watch DOECHII perform CATFISH & DENIAL IS A RIVER live at the 2025 GRAMMYs - Recording Academy _ GRAMMYs (360p, h264).mp4","""Doechii performs Catfish and Denial is a River at the 2025 Grammys""",,
video,floridas-deadliest,Florida's Deadliest Cave Systems,,Scary Interesting,"[photos, videos] SmallpolyArt, Damian Carpenter; [music] coAg aka @co.agmusic1823, [research and writing] Jay Adams","This is from Scary Interesting, one of my favorite channels on YouTube. This particular one discusses some cave diving incidents I remember hearing about. The channel generally dicsusses real-life accidents or disasters, and the narrator's voice is very calming despite the subject matter.",,,,,,,,,,,,,,,15,"""pics/Florida's Deadliest Cave Systems - Scary Interesting (360p, h264).mp4""","""Florida cave diving stories from a strangely calming spooky YouTube channel""",,
video,caleb-ziwe,CALEB HEARON ZIWE INTERVIEW,CALEB HEARON IS AN ICONIC GUEST ZIWE INTERVIEW,Ziwe,[interviewee] Caleb Hearon,"I watch this video probably twice a week. Ziwe and Caleb Hearon are both absolutely hilarious people, and this particular Ziwe interview makes me laugh even at the worst of times. The bit about Lindsey Graham really gets me.",,,,,,,,,,,,,,,16,"""pics/CALEB HEARON IS AN ICONIC GUEST ZIWE INTERVIEW - Ziwe (360p, h264).mp4""","""CALEB HEARON IS AN ICONIC ZIWE GUEST! Also, is Trump gay?""",,
video,pluribus ,Pluribus Official Trailer,,Vince Gilligan,"Partial list: [actors] Darinka Arones (Kusimayu), Robert Bailey Jr. (DHL Guy), Sharon Gee (Xiu Mei), Menik Gooneratne (Laxmi), Samba Schutte (Koumba Diabate), Amaraa Sanjid (Otgonbayar), Rhea Seehorn (Carol), Miriam Shor (Helen), Carlos Manuel Vesga (Manousos Oviedo) and  Karolina Wydra (Zosia); [cinematographers] Marshall Adams and Paul Donachie; [composer] David Porter; [editors] Skip Macdonald, Chris McCaleb, and Joey Liew; [title design] Joey Reinisch; [production design] Denise Pizzini; [producer] Gordon Smith","If you haven't watched Plurubis, PLEASE try it out! The premise is that all but a few humans on the earth join consciousnesses and become a hive mind."" I cannot recommen this enough",,,,,,,,,,,,,,,38,"""pics/Pluribus Official Trailer - Breaking Bad & Better Call Saul (360p, h264).mp4""","""Trailer for Apple TV's new devastating yet perfect lesbian sci fi drama""",,
video,horses-fascism,What is FASCISM,,horses,"[writers] Robert O. Paxton (""The Anatomy of Fascism""), Stanley G. Payne (""Fascism""), Roger Griffin (""Fascism""), Stanley G. Payne, (""A History of Fascism, 1914–1945""), Gustave Le Bon (""The Crowd: A Study of the Popular Mind""); [composers] Christoffer Moe Ditlevsen (""Before Daybreak""), Magnus Ludvigsson (""Valse Triste Niçoise""), Gavin Luke (""Late Night Sketches""), Gavin Luke (""Chance Encounter""), Magnus Ludvigsson (""Circus Leaving Town""), Franz Gordon (""Theme for Autumn""), Franz Gordon (""Raincoat Waltz""), Rikard From (""Hidden Beneath"")","This youtube channel takes on a range of topics largely related to violence or tragedy, and does so incredibly well. This was the video that first got me into the channel. I always find this creator's videos to be deeply thought-provoking, and nearly always learn something from him. ",,,,,,,,,,,,,,,50,"""pics/What is FASCISM - Horses (360p, h264).mp4""","""A review of historical fascism by YouTube creator 'horses'""",,
song,jericho,Jericho,,Iniko,,"I tend to get obsessed with songs on the basis of whether they help me stay in a flow state while doing work, and this one was such a meditative song to keep on repeat while working on some repetitive tasks this year. I like that the lyrics at some point felt difficult to understand or parse meaning from, but also liked that so many of the lyrics were about not humbling oneself into shame or silence. That's a powerful message for everyone, and I especially found it powerful to hear a popular song with this message from a nonbinary artist. The sound is ethereal and Iniko's voice is so distinctive and mesmerizing. ",,,,https://www.youtube.com/watch?v=C8BP8K-ZuL0,,,,,,,,,,,,,,,
song,ship-in-a-bottle,Ship in a Bottle,,Fin Argus,,"I listened to this song for the ENTIRE flight from Santiago to NYC in mid-October. this is not an exaggeration: I find it kind of hypnotizing and am terrified of flights, so this was a perfect musical hyperfixation. The song takes some musical notes from sea shanties but has a much more modern, AJR-adjacent vibe. It uses the concept of a ship in a bottle to explore loneliness through the dual metaphors of being out at sea and having to bottle up your existence. Absolutely love this one, it is perfect for emo moods. I also found it great on loop, I could hardly tell when the repeat happened.",,,,,https://genius.com/Fin-argus-ship-in-a-bottle-lyrics,,,,,,,,,,,,,,
song,not-like-us,Not Like Us,,Kendrick Lamar,,"Honestly, I was not ever a huge Kendrick fan. I knew that friends whose music taste I trust liked his work, but just never got into it myself. I'd heard a few songs, but there was just music I liked better. BUT I listened to this one after hearing a bunch of tiktok edits that included clips of the song edited over explanations of the beef with Drake, and I thought it was really lyrically interesting. And then it just got stuck in my head. I really love the beats, and have since listened to a lot more of Kendrick's work...but I do think this song is the most play-on-repeatable.",,,,,,,,,,,,,,,,,,,
song,heavy-foot,Heavy Foot,,Mon Rovia,,"I wish I knew how to describe this song. The first time I heard it was in a lyrics edit on TikTok, and the message + melody just met me with a kind of gentleness that were deeply needed. I'm not going to feign a deep understanding of music that I fundamentally lack, you know? The genre is Afro-Appalachian folk, and I'm struggling for the words to explain what this or any of the other genres mean. This is all music that make me feel something, and what Heavy Foot makes me feel is hope. Maybe society can find a way through this, maybe most people do want to be good, maybe it will get better, maybe we will survive all the horrors. ",,,,,https://genius.com/Mon-rovia-heavy-foot-lyrics,,,,,,,,,,,,,,
song,crooked-the-road,crooked the road. ,,Mon Rovia,,"""We might steal the sun from underneath our eyes"" like excuse me the lyrics? I cannot tell you how much I love Mon Rovia's combo of lyrics, melody, and voice. ",,,,,https://genius.com/Mon-rovia-crooked-the-road-lyrics,,,,,,,,,,,,,,
song,damn-these-forces,Damn These Forces,,Mon Rovia,,"Like so much of Mon Rovia's music, this speaks deeply to the melancholy in my soul. And at the same time, makes me think maybe things can be better. ",,,,,https://genius.com/Mon-rovia-damn-these-forces-lyrics,,,,,,,,,,,,,,
song,anxiety,Anxiety,,Doechii,,"I've written elsewhere about what an incredible artist Doechii is, but this song and ESPECIALLY its music video do capture the feeling and experience of anxiety so well. This is a great song to jam out to when I'm feeling stressed.",,,,,https://genius.com/Doechii-anxiety-lyrics genius​,,,,,,,,,,,,,,
song,the-last-of-the-real-ones,The Last of the Real Ones,,Fall Out Boy,,"I listened to this song SO much when it came out in 2018, and as time has gone on I enjoyed it less, because it started to remind me of a very hard time. It got me through that time, but I couldn't really enjoy it for a few years. I've found I like it a lot since moving out of the US. I'm not sure what that means; your guess is as good as mine. It's funny, this song was the one that made me understand that people often associate songs more with what they remind us of than what they mean. It's funny, because most of these song descriptions aren't really about the song so much as what it means to me. But I guess that's what would happen if we were talking about this in person. ",,,,,https://genius.com/Fall-out-boy-the-last-of-the-real-ones-lyrics genius​,,,,,,,,,,,,,,
song,eyes-closed,Eyes Closed,,Imagine Dragons,,"I have no idea what this song is about, but the beat slaps and it's enjoyable to play on a loop. Imagine Dragons pretty reliably produces one of those every album, and this is the one from their most recent album, Loom. Love. Google says Imagine Dragons is pop rock, and it occurs to me that I shouldn't be genuinely unsure of the genres of so many songs without looking it up, but that's really not relevant here.",,,,,https://genius.com/Imagine-dragons-eyes-closed-lyrics genius​,,,,,,,,,,,,,,
song,i-hate-the-capitalist-system,I hate the Capitalist System,,Barbara Dane,,"This is an excellent folk resistance song. It was a suggested addition to a Spotify playlist of mine a few years ago, and is just so powerful to listen to. ",,,,,https://genius.com/Barbara-dane-i-hate-the-capitalist-system-lyrics,,,,,,,,,,,,,,
song,tear-the-fascists-down,Tear the Fascists Down,,Woody Guthrie,,"Everyone knows him for ""This Land is Our Land,"" but I think this is the superior work. Not only is This Land Stolen Land that Isn't Ours, but tear the Fascists down is just so much more direct an expression of the necessary response to far right extremism. ",,,,,https://genius.com/Woody-guthrie-tear-the-fascists-down-lyrics genius​,,,,,,,,,,,,,,
song,i-aint-marching-anymore,I Ain't Marching Anymore,,Phil Ochs,,"Another excellent folk resistance song, reminds me a little of Woody Guthrie. Love the guitar in this one. ",,,,,https://genius.com/Phil-ochs-i-aint-marching-anymore-lyrics genius​,,,,,,,,,,,,,,
song,record-player,Record Player,,,,"What exactly is this song about? No idea. Just a vibing, mesmerizing sound that plays well on repeat. ",,,,,https://genius.com/Daisy-the-great-the-record-player-song-lyrics genius​,,,,,,,,,,,,,,
song,pretty-green,Pretty Green,,,,"This song was on a Slytherin-themed playlist that my friend Reshma shared with me in like 2013. It's a pop funk song, and like many other songs on the list, I do not understand the meaning but love the vibes. ",,,,,https://genius.com/Daisy-the-great-the-record-player-song-lyrics,,,,,,,,,,,,,,
song,submarine,Submarine,,,,"This was another ""randomly seen on tiktok"" song. What is the story of this one? I actually don't know. I just added it on spotify, played it on repeat a few times, and it wad added to the list. Really enjoyable indie/alt rock artist, so glad I stumbled across this song. ",,,,,https://genius.com/Thehiz-submarine-lyrics,,,,,,,,,,,,,,
song,intifada-on-the-dance-floor,Intifada on the Dance Floor,,,,"This song was on a playlist I made of songs by Palestinian artists, and is SO much fun to dance to. It uses the metaphor of a dance battle to discuss liberation, expression, and creativity. ",,,,,https://www.musixmatch.com/lyrics/Bashar-Murad/Intifada-On-The-Dance-Floor/translation/english,,,,,,,,,,,,,,
song,dog-days-are-over,Dog Days are Over,,,,"I associate this song immenely with a fandom edit that my friend Reshma sent me over a decade ago. Since then, this song has occasionally come to mind during challenging times and been an encouragement to listen to. ",,,,,https://genius.com/Florence-and-the-machine-dog-days-are-over-lyrics genius​,,,,,,,,,,,,,,
song,chiquilinda,Chiquilinda,,,,"THIS SONG FUCKING DESTROYED ME. It's about the artist's experience of being separated from his younger sister while no-contact with his religious family after coming out. The costuming is just so gorgeous. The makeup and headpieces convey so much, and I love the way spikes are used to convey distance from family in the outfits. The red filter, the slight graininess, and biblically accurate church hall vibes make me absolutely adore this song. ",,,,,https://genius.com/Cain-culto-chiquilinda-lyrics,,,,,,,,,,,,,,
song,sinking-boat,Sinking Boat,,,,"Another one I heard randomly scrolling on tiktok. This song has really been such a comfort and such a calming presence during all the turmoil of the last year, and has encouraged me to be less afraid. ""Why should I worry about rocking a sinking boat?"" The lyrics are lovely, the harmonies gorgeous. ",,,,,,,,,,,,,,,,,,,
meme-art,glitchy-labels,Glitchy Labels,,,"Aleah Black aka gendersauce (original post, words), Belkis Ayón (art in original post), RDGraphics (static glitch image, ""Pixel Pattern Glitch"", image recolored for this piece)
","I LOVE Aleah Black aka gendersauce's text-art-post Instagram art. They always spur me to think more critically about gender, the world, and justice. I particularly loved this post of theirs from December 12th. All of the slides in this piece are gold, but this one in particular fit the overarching theme of ""messages I think would be both funny and genuinely interesting to my friends,"" who overwhelmingly stick out within a cisnormative world. Many of us are also struggling to understand how to approach the political changes we see happening around us, and Aleah Black's Thought Experiment 3 slide provides a powerful prompt to consider what our lives mean, what community does and should mean, and what the labels we apply to ourselves actually mean. The abstract portrait by Belkis Ayón is echoed across the page to symbolize the ripples and echoes that result across communities when we truly investigate our understanding of social and identity-based norms.",,,,https://www.instagram.com/p/DSLAX4IDvho/?img_index=1,,Belkis Ayon's Website,,en.belkisayon.org,Instagram of Belkis Ayón's Estate,Last updated Dec 19 2025,https://www.instagram.com/belkis_ayon/,,,,,.png,,,"In this work, the collager overlays images Aleah Black's profile picture at various levels of transparency and various sizes, indicating the holistic and expanding impact artist can have on ways of thinking and understanding. This is repeated with Belkis Ayón's portrait piece, echoing from its smallest at the bottom left to upper right. Multiple advance arrow buttons are pictured, symbolizing the need to continue driving forward. The overarching connection between the images and text is uncertain, likely stemming from some religious or ritual significance."
meme-art,spiderverse-the-spidercycle-of-generational-trauma,Spiderverse: the Spidercycle of Generational Traums,,,"lachristagreco (reposted), codywinstone (reposted), willie_hunter (seems to have created it, but in any case has the oldest repost I can find), RDGraphics (static glitch image, ""Pixel Pattern Glitch"", image recolored for this piece)","This Spidermeme is 1) absolutely hilarious but 2) made me really think about the way environment impacts family relationships. I've spent a lot of time thinking about how my mom, dad and granddad were impacted by their ecological and social environments, and wondering how environmental degradation could have impacted his, my, and my other relatives' personalities. That was why I saved the meme originally, and all of the collaging was to make it look as echoey on paper as the concept of it was bouncing around in my head.",,,,https://www.instagram.com/lachristagreco/,,Know Your Meme Entry,"Last updated Jan 29, 2025",https://knowyourmeme.com/memes/spider-man-pointing-at-spider-man,Oldest post I can find of this meme,May 2024,https://www.instagram.com/p/C7RlTMLR9cU/,,,,,.png,,,"The collager utilizes the three-figure twist on a meme classically depicted with only two characters to represent an expansion of the cycle of familial trauma beyond merely the parent-child relationship, acknowledging the role of more distant relations. With the motifs of repeating ellipses that echo and fade into the background, and the verified image's echo terminating above the head of the figure representing the father, the artist clearly intends to communicate an imagined expansion of this cycle of trauma's origin to even more distant generations of family than the three represented. The image's format, a meme nested within two reposts, visually communicates the constraints humans face when passing information from one to another, a concept also hinted at in the figures' postures. Each seeks to point the finger and blame the other figures, but the overlain text reveals the underlying biochemical environmental barriers to connection faced by each figure. The acknowledgement of the impacts of environmental degradation is further underscored by the glitch that slowly fades in as we move down the image, representing the relational erosion caused by environmental damage. A sobering depiction of man's struggle to move beyond the constraints placed upon him by his environment and family."
meme-art,that-bug-has-a-point,That Bug has a Point,,,"officialsadbeige, RDGraphics (static image, ""Pixel Pattern Glitch"", image recolored for this piece)","I saw and saved this meme on a day I was particularly fixated on the meaninglessness of life. It was so stupid it made me burst out laughing. For just a second, it made me feel that the directionlessness disturbing me wasn't so bad after all.",,,,https://www.instagram.com/officialsadbeige/,,Oldest post I found for this meme,2019,https://www.reddit.com/r/CoolBugFacts/comments/dfec9v/thank_you_bug_very_cool/,Know Your Meme Entry,Last updated 2019-2020,https://knowyourmeme.com/memes/cool-bug-facts,,,,,.png,,,"In the midground of the piece, a simplified bug is depicting using light and shadow to create a 3d appearance. The text on the right of the piece, depicting a serious question directed at the viewer, is partially obscured and disrupted by the beige next button at the far right of the piece. This forms balance with the beige bug at the left of the piece and the social media handle officialsadbeige in the top corner, underscoring the semantic connection between word and color. The purple text above the bug, reading ""Cool bug Fact's,"" is juxtaposed with the black text, inviting the reader to question the inherent value of deep metaphysical questions. The arrow buttons point in all directions, and are shown in multiple colors matching those of the bug, symbolizing the unknowability of progress in any direction from the present moment."
meme-art,who-are-they,Who Are They?,,Daisy the Great,"supernerdcoffee (reddit handle, seems to have originated this edit in an r/traaaaaaannnnnnnnnns/ post in 2017), RDGraphics (static glitch image, ""Pixel Pattern Glitch"", image recolored for this piece), Sabelskaia (static glitch image, ""VHS Glitch Effect Background"")","This meme freaked me out because the person in it looks like my brother, who would never be caught dead in a meme like this…but the text on the paper this person holds is very relatable. I don't think this person really looks like me, but I do WONDER if it does. A weird thing about being estranged from my family and also trans is that sometimes I speak and hear my brother's voice come out of my mouth, but nobody around me really knows what he sounds like. There's something strange as well about being perceived as a woman, and then a man, and then a question mark, yet never really being able to articulate what that means to others.",,,,Original meme link unknown; a repost of a repost was sent to the collager by a friend at some point and either the collager or the collager's fried cropped out the source. ,,Oldest post I found for this meme,2017-2018,https://www.reddit.com/r/traaaaaaannnnnnnnnns/comments/8nnvzj/nonbinary_irl/,"More common version of meme, posted in almosy exactly the same context",2019,https://www.reddit.com/r/ennnnnnnnnnnnbbbbbby/comments/gedhpo/also_currently_having_pronoun_struggles_rn_hhhjjj/,,,,,.png,,,"A person looks out from behind a paper, from within an image that has three layers visibly added: an arrow in the bottom right, the black scribble on the paper, and the overlain white text. The person's face, partially obscured, stares nervously out at the viewer, with static flickering across the scene below. Though the person's identity is uncertain, perhaps a religious figure, the overall collection of overlain images is haunting. The piece's title echoes the unknowability of their stare and story."
meme-art,protagonist-complex,Protagonist,,Mark Ronson,"Wordfather, Mhatzapa (static glitch image, ""Abstract Glitch Texture"")","I screenshotted this to send to my friend Emily; it captures our friendship dynamic. On my old phone, I could only screenshot by swiping my hand across the screen, leaving smudges that look just like this layered, translucent glitch effect. I'd screenshot to send something to a friend and leave behind big smudges on the screen. The dots just look cool.",,,,Original meme link unknown; the collager is unsure of when and exactly how they got this image. ,,Website of original poster,2025,https://wordfather.tumblr.com/,,,,,,,,.png,,,"Among the most spartan collages in this collection, the meaning of this piece is unknown, though we are able to make some conjecture as to the collager's intent. The meme text satirizes the convention of courtroom respect norms to make light of absurd behavior, and is overlain with a translucent glitch filter that alters the texture but not visibility of the image. Several Instagram carouse pagination dot sequences are scattered across the image, with the indicator dot appearing in different positions or not at all, perhaps symbolizing a sense of being situated in multiple distinct positions at once, or perhaps of two people being on different pages."
meme-art,gender-vortex,Gender Vortex,,Thehiz,"mutant-what-not (posted image), Ernie Bushmiller (person lying down is Sluggo from Bushmiller's comic strip, Nancy), artist of background coming strip with eyes unknown, Caesar Fernandez (created gifs, ""Glitch Effect 18"" and ""Glitch Effect 19""), RDGraphics (static image, ""Pixel Pattern Glitch"", image recolored for this piece)","This image was already a collage when I found it: the kid is from the comic Nancy, but the background comic with the eyes is from another comic strip I couldn't identify. I thought this image really captured the dual existential dread / childlike wonder I experience trying to understand what it means to be trans, to be queer, to be part of a society. Really, questions about gender DO spiral into these larger questions about society and nature; it is both terrifying and cosmically beautiful to exist within them.",,,,Original meme link unknown; the collager is unsure of when and exactly how they got this image. ,,Website of original poster,Unknown,https://mutant-what-not.tumblr.com/,Original Meme,,https://www.facebook.com/photo/?fbid=1032298838281326&set=g.448960375125751,,,,,.gif,,,"The collager collages upon an image which is itself a collage: a carefree child superimposed upon a comic depicting the vast emptiness of space. Two vast eyes look out from space, yet the child pictured appears calm and unconcerned. The yellowed color of the background comic image, juxtaposed with the white background of the child further suggests a difference in the age of these elements: the ""paper"" symbolizing the ancient universe has yellowed, while the ""paper"" of the child has not yet had time to do so. These elements gain additional meaning when the text is incorporated: while the text describes a situation most children would find terrifying, the figure depicted maintains a calm and unbothered appearance. The glitching around and below the child disrupt the flow of the comic structure and serve to visually heighten the chaos surrounding the figure. The name of the poster, ""mutant-what-not"" semantically invites the audience to consider the child as mutant, a reclamation of the negative connotation ""mutant"" once had to describe the state of one who has learned to be calm within extreme circumstances. Taken together, this piece communicates the collager's goal of seeking calm within a chaotic universe."
meme-art,manic-manic-manic,Manic Manic Manic,,Bashar Murad,"crimsonwastes (original poster), manicgoblinnightmarewoman (reposter), cunctatortot (reposter), Caesar Fernandez (created gifs, ""Glitch Effect 27"", ""Glitch Effect 4"")","This meme made me laugh my ass off because it describes my tiniest cat, Andy the Cat, to a T. Also, I fucked up the image transparency so there's a hole in it. I thought the reposter's name was funny and topical, because my cat has a third mood, a manic one where she meows at four AM while moving my individual yarn balls from room to room. Also, it's funny because sometimes I feel manic.",,,,Orignal post unavailable; cunctatortot.tumblr.com is no longer an active blog.,,manicgoblinnightmarewoman's blog,Last Updated 22 Oct 2023,https://manicgoblinnightmarewoman.tumblr.com/,Orignal post unavailable; crimsonwastes.tumblr.com is no longer an active blog.,,https://crimsonwastes.tumblr.com/,,,,,.gif,,,"This collage, unique among those in this set, includes a blank space in the collage through which the viewer can perceive whatever lies behind the frame, symbolizing the gap between human and feline understanding. The glitches at top and bottom, mimicking scratching on the screen, serve to further elucidate the artist's statement: cats symbolize not only struggles to understand the other, but the duality of man himself, for whom cats simply provide a mirror. This meaning is highlighted through the repetition of the word 'manic,' which often refers to a symptom of bipolar disorder, evoking the same duality previously mentioned."
meme-art,the-self-evident-gayness-of-g-d,The Self-Evident Gayness of G-d,,Florence + the Machine,"David Lynch (pictured), Jason Barlow (interviewer), unknown reditor from r/MemeEconomy (first known usage of meme format), /u/Doodoopeepeedoodoo (first known usage of this text for the meme), Caesar Fernandez (created gif, ""Glitch Effect 27"", ""Glitch Effect 11""), RDGraphics (static image, ""Pixel Pattern Glitch"", image recolored for this piece)","This meme makes Kit laugh. I've had this cropped version of the image in a folder for a while and sometimes I show it to Kit to make them laugh. It makes me laugh too, and I love the brazen, open claim that flies in the face of so many people's understanding of the divine.",,,,,,Know your Meme entry,Last updated Jan 2025,https://knowyourmeme.com/memes/david-lynch-refuses-to-elaborate,YouTube Link to Original David Lynch Interview,,https://www.youtube.com/watch?v=SpomrL0qA-E,,,,,.gif,,,"This meme makes Kit laugh. I've had this cropped version of the image in a folder for a while and sometimes I show it to Kit to make them laugh. It makes me laugh too, and I love the brazen, open claim that flies in the face of so many people's understanding of the divine."
meme-art,antichrist-dinner-date,Dinner with the Father of Lies,,Cain Culto,"Mitt Romney (pictured, right), Donald Trump (pictured, left), Reince Priebus (out of frame, on left), Jean-Georges in Trump International Hotel (setting),  Drew Angerer (photographer of original image), Caesar Fernandez (created gif, ""Glitch Effect 27""), vectortradition (static glitch image)","The unedited version of this image never makes me fail to laugh: Trump looks like the actual devil, an Romney looks like he's just realized it. It truly feels like something in a morality play. He truly looks so evil, and Romney so uneasy, that it wouldn't surprise me if it just caused a screen malfunction, so this is inspired by that concept. The text overlay is a color-matched selection of quotations from Trump's 2025 Christmas address and remarks from the 2025 White House celebration",,,,,,Presidential Christmas Address,"17 December, 2025",https://www.rev.com/transcripts/presidential-address-on-12-17-25,White House Hannukah Celebration Presidential Remarks,"16 December, 2025",https://www.rev.com/transcripts/white-house-hanukkah-celebration,,,,,.gif,,,"Angerer's image of politicians Donald Trump and Mitt Romney depicts the two men seated at a dinner table, which displays a high-class dining setting symbolizing their elite social status. Two linear glitches flicker across one another, positioned perpendicular to one another; this serves to symbolize the divisive nature of the political discourse depicted, though some experts argue this may be intended to represent a glitching cross. Likely both were intended by the collager, as a manner of questioning the validity of both figures' stated religious beliefs. A static glitch, blocking Trump's face, represents the disturbing nature of evil, symbolizing the manner in which humans avoid looking into the eyes of corrupt individuals, underlined by the frightened manner in which Romney looks away from Trump, seemingly making eye contact that is never quite disrupted by the glitching."
meme-art,bible-brainrot,Bible Brainrot,,Infinity Song,"Pnglove (posted image on Tumblr), Klyaksun (created static glitch image, ""Glitch Texture""), RDGraphics (created static glitch image ""Pixel Pattern Glitch"", recolored for this piece), Caesar Fernandez (created glitch gif ""Glitch Effects 19"")",,,,,https://www.tumblr.com/pnglove/787688890973765632,,Oldest post I found of this image,August 2004,https://www.shroomery.org/forums/showflat.php/Number/2984768/fpart/all,pnglove on Tumblr,Last Updated 21 Dec 2025,https://www.tumblr.com/pnglove/,,,,,,,,No pretentious version for this: the non-pretentious version was pretentious enough.
image,dethmocract-bible-mold,,,,Dethmocracy,,,,,https://www.flickr.com/photos/11500375@N04/1127416043/in/photostream/,,Bible Image link,"Aug 15, 2007",https://www.flickr.com/photos/11500375@N04/1127416043/in/photostream/,,,,,,,,,,,
image,siwanowics-moldy-bible-1,,,,,,,,,https://dice.camp/@DubiousByName/109571974188878056,,,,,,,,,,,,,,,
image,siwanowics-moldy-bible-2,,,,,,,,,,,,,,,,,,,,,,,,
image,siwanowics-moldy-bible-3,,,,,,,,,,,,,,,,,,,,,,,,
image,moldy-bible-alt-angle,,,,,,,,,https://www.unipa.it/dipartimenti/difc/cds/conservazioneerestaurodeibeniculturali2177/.content/documenti/Giornali/Insegna-2014--Degrado.pdf,,,,,,,,,,,,,,,
image,moldy-bible-fungi-academy,,,,,,,,,https://fungiacademy.com/how-to-grow-oyster-mushrooms/,,,,,,,,,,,,,,,
image,moldy-bible-akira,,,,,,,,,https://www.youtube.com/watch?v=D6KMDOwwKCk,,,,,,,,,,,,,,,
,shroomery-moldy-bible,,,,,,,,,https://www.shroomery.org/forums/showflat.php/Number/2984768/fpart/all,,,,,,,,,,,,,,,
,shroomery-moldy-bible-2,,,,,,,,,https://www.shroomery.org/forums/showflat.php/Number/2984768/fpart/all,,,,,,,,,,,,,,,
,shroomery-moldy-bible-3,,,,,,,,,https://www.shroomery.org/forums/showflat.php/Number/2984768/fpart/all,,,,,,,,,,,,,,,